old_url,new_url,action,status
.,.,keep,unchanged
apps/apps,products/learn-card-app,merge,redirected
apps/learn-card-app,products/learn-card-app,moved,redirected
apps/learn-card-app/analytics,products/learn-card-app,internal,redirected
apps/learn-card-app/resume-builder-ler-rs-mapping,products/learn-card-app,internal,redirected
apps/scouts,products/scouts,moved,redirected
apps/scouts/credential-revocation,understand/verifiable-credentials-vcs/credential-status-and-bitstring-status-lists,internal,redirected
core-concepts/architecture-and-principles,understand/ecosystem-architecture,merge,redirected
core-concepts/architecture-and-principles/auth-coordinator,understand/decentralized-identifiers-dids/key-management-sss,archive,redirected
core-concepts/architecture-and-principles/auth-grants-and-api-tokens,understand/decentralized-identifiers-dids/auth-grants-and-api-tokens,moved,redirected
core-concepts/architecture-and-principles/control-planes,reference/learncard-core/control-planes,moved,redirected
core-concepts/architecture-and-principles/plugins,understand/ecosystem-architecture/plugins,moved,redirected
core-concepts/architecture-and-principles/u.s.-state-api,reference/learncard-network,delete,redirected
core-concepts/consent-and-permissions,understand/consentflow-overview,merge,redirected
core-concepts/consent-and-permissions/accessing-consented-data,understand/consentflow-overview/writing-consented-data,merge,redirected
core-concepts/consent-and-permissions/auto-boosts,understand/consentflow-overview/auto-boosts,moved,redirected
core-concepts/consent-and-permissions/consent-contracts,understand/consentflow-overview,merge,redirected
core-concepts/consent-and-permissions/consent-transactions,understand/consentflow-overview,merge,redirected
core-concepts/consent-and-permissions/consentflow-overview,understand/consentflow-overview,moved,redirected
core-concepts/consent-and-permissions/gameflow-overview,understand/consentflow-overview/gameflow-overview,moved,redirected
core-concepts/consent-and-permissions/user-consent-and-terms,understand/consentflow-overview,merge,redirected
core-concepts/consent-and-permissions/verifiable-data-in-consentflow,understand/consentflow-overview/verifiable-data-in-consentflow,moved,redirected
core-concepts/consent-and-permissions/writing-consented-data,understand/consentflow-overview/writing-consented-data,moved,redirected
core-concepts/credentials-and-data,understand/verifiable-credentials-vcs,merge,redirected
core-concepts/credentials-and-data/achievement-types-and-categories,reference/learncard-core/achievement-types-and-categories,moved,redirected
core-concepts/credentials-and-data/boost-credentials,understand/verifiable-credentials-vcs/boost-credentials,moved,redirected
core-concepts/credentials-and-data/building-verifiable-credentials,understand/verifiable-credentials-vcs/building-verifiable-credentials,moved,redirected
core-concepts/credentials-and-data/credential-lifecycle,understand/verifiable-credentials-vcs,merge,redirected
core-concepts/credentials-and-data/credential-status-and-bitstring-status-lists,understand/verifiable-credentials-vcs/credential-status-and-bitstring-status-lists,moved,redirected
core-concepts/credentials-and-data/display-hint-tags,understand/verifiable-credentials-vcs/display-hint-tags,moved,redirected
core-concepts/credentials-and-data/general-best-practices-and-troubleshooting,understand/verifiable-credentials-vcs/building-verifiable-credentials,delete,redirected
core-concepts/credentials-and-data/getting-started-with-boosts,understand/verifiable-credentials-vcs/boost-credentials,merge,redirected
core-concepts/credentials-and-data/uris,understand/verifiable-credentials-vcs/uris,moved,redirected
core-concepts/credentials-and-data/verifiable-credentials-vcs,understand/verifiable-credentials-vcs,moved,redirected
core-concepts/credentials-and-data/xapi-data,understand/verifiable-credentials-vcs/xapi-data,moved,redirected
core-concepts/holder-continuity,understand/ecosystem-architecture/holder-continuity,moved,redirected
core-concepts/identities-and-keys,understand/decentralized-identifiers-dids,merge,redirected
core-concepts/identities-and-keys/account-recovery,understand/decentralized-identifiers-dids/key-management-sss,archive,redirected
core-concepts/identities-and-keys/cross-device-login,understand/decentralized-identifiers-dids/key-management-sss,archive,redirected
core-concepts/identities-and-keys/decentralized-identifiers-dids,understand/decentralized-identifiers-dids,moved,redirected
core-concepts/identities-and-keys/key-management-sss,understand/decentralized-identifiers-dids/key-management-sss,moved,redirected
core-concepts/identities-and-keys/network-profiles,understand/decentralized-identifiers-dids/network-profiles,moved,redirected
core-concepts/identities-and-keys/seed-phrases,understand/decentralized-identifiers-dids/seed-phrases,moved,redirected
core-concepts/identities-and-keys/signing-authorities,understand/decentralized-identifiers-dids/signing-authorities,moved,redirected
core-concepts/identities-and-keys/trust-registries,understand/decentralized-identifiers-dids/trust-registries,moved,redirected
core-concepts/network-and-interactions,understand/ecosystem-architecture/universal-inbox,merge,redirected
core-concepts/network-and-interactions/core-interaction-workflows,understand/ecosystem-architecture,merge,redirected
core-concepts/network-and-interactions/credential-activity,reference/learncard-network/credential-activity,moved,redirected
core-concepts/network-and-interactions/key-network-procedures,understand/ecosystem-architecture,merge,redirected
core-concepts/network-and-interactions/network-vision-and-principles,understand/ecosystem-architecture,merge,redirected
core-concepts/network-and-interactions/universal-inbox,understand/ecosystem-architecture/universal-inbox,moved,redirected
core-concepts/tenant-branded-emails,products/learn-card-app,internal,redirected
development/contributing,,moved,redirected
how-to-guides/connect-systems,start-here/what-do-you-want-to-build,merge,redirected
how-to-guides/connect-systems/connect-a-game,build/create-a-consentflow,merge,redirected
how-to-guides/connect-systems/connect-a-website,build/create-a-consentflow,merge,redirected
how-to-guides/connect-systems/connect-ai-agent,products/learn-card-app/connect-ai-agent,moved,redirected
how-to-guides/connect-systems/connect-an-embedded-app,build/publish-your-app,merge,redirected
how-to-guides/connect-systems/embed-a-claim-button,build/embed-a-claim-button,moved,redirected
how-to-guides/create-signing-authority,build/send-credentials/create-signing-authority,moved,redirected
how-to-guides/deploy-infrastructure,build/go-to-production,merge,redirected
how-to-guides/deploy-infrastructure/connect-to-independent-network,build/go-to-production,delete,redirected
how-to-guides/deploy-infrastructure/deploy-your-own-network,build/go-to-production,delete,redirected
how-to-guides/deploy-infrastructure/generate-api-tokens,build/go-to-production/generate-api-tokens,moved,redirected
how-to-guides/deploy-infrastructure/managing-seed-phrases,build/go-to-production,merge,redirected
how-to-guides/deploy-infrastructure/sss-key-management-config,understand/decentralized-identifiers-dids/key-management-sss,merge,redirected
how-to-guides/deploy-infrastructure/the-simplest-plugin,reference/learncard-core/writing-plugins,delete,redirected
how-to-guides/export-and-import-your-data,products/learn-card-app/export-and-import-your-data,moved,redirected
how-to-guides/implement-flows,build/create-a-consentflow,moved,redirected
how-to-guides/implement-flows/chapi,understand/ecosystem-architecture/interoperability,archive,redirected
how-to-guides/implement-flows/chapi/chapi-wallet-setup-guide,understand/ecosystem-architecture/interoperability,archive,redirected
how-to-guides/implement-flows/chapi/cheat-sheets,understand/ecosystem-architecture/interoperability,archive,redirected
how-to-guides/implement-flows/chapi/cheat-sheets/issuers,understand/ecosystem-architecture/interoperability,archive,redirected
how-to-guides/implement-flows/chapi/cheat-sheets/wallets,understand/ecosystem-architecture/interoperability,archive,redirected
how-to-guides/implement-flows/chapi/demo-application,understand/ecosystem-architecture/interoperability,archive,redirected
how-to-guides/implement-flows/chapi/translating-to-chapi-documentation,understand/ecosystem-architecture/interoperability,archive,redirected
how-to-guides/implement-flows/chapi/using-learncard-to-interact-with-a-chapi-wallet,understand/ecosystem-architecture/interoperability,archive,redirected
how-to-guides/implement-flows/claim-data-after-guardian-consent,build/send-credentials,merge,redirected
how-to-guides/implement-flows/guardian-gated-credentials,build/send-credentials,merge,redirected
how-to-guides/interoperate-with-learncard,build/interoperate-with-learncard,moved,redirected
how-to-guides/send-credentials,build/send-credentials,moved,redirected
how-to-guides/verify-my-issuer,build/go-to-production/verify-my-issuer,moved,redirected
introduction/ecosystem-architecture,understand/ecosystem-architecture,moved,redirected
introduction/interoperability,understand/ecosystem-architecture/interoperability,moved,redirected
introduction/use-cases-and-possibilities,start-here/what-do-you-want-to-build,merge,redirected
quick-start/setup-and-prerequisites,start-here/your-first-integration,merge,redirected
quick-start/your-first-integration,start-here/your-first-integration,moved,redirected
sdks/auth-types,understand/decentralized-identifiers-dids/key-management-sss,archive,redirected
sdks/embed-sdk,reference/embed-sdk,moved,redirected
sdks/learncard-cli,reference/learncard-cli,moved,redirected
sdks/learncard-core,reference/learncard-core,moved,redirected
sdks/learncard-core/architectural-patterns,reference/which-sdk,archive,redirected
sdks/learncard-core/authentication,reference/learncard-core/authentication,moved,redirected
sdks/learncard-core/construction,reference/learncard-core/construction,moved,redirected
sdks/learncard-core/migration-guide,reference/learncard-core/migration-guide,moved,redirected
sdks/learncard-core/production-deployment-guide,build/go-to-production,archive,redirected
sdks/learncard-core/troubleshooting-guide,reference/learncard-core,archive,redirected
sdks/learncard-core/writing-plugins,reference/learncard-core/writing-plugins,moved,redirected
sdks/learncard-network,reference/learncard-network,moved,redirected
sdks/learncard-network/architecture,understand/ecosystem-architecture,delete,redirected
sdks/learncard-network/auth-grants,reference/learncard-network,openapi-generated,redirected
sdks/learncard-network/authentication,reference/learncard-network/authentication,moved,redirected
sdks/learncard-network/bitstring-status-lists,reference/learncard-network/bitstring-status-lists,moved,redirected
sdks/learncard-network/boosts,reference/learncard-network,openapi-generated,redirected
sdks/learncard-network/claim-hooks,reference/learncard-network,openapi-generated,redirected
sdks/learncard-network/contracts,reference/learncard-network,openapi-generated,redirected
sdks/learncard-network/credentials,reference/learncard-network,openapi-generated,redirected
sdks/learncard-network/did-metadata,reference/learncard-network,openapi-generated,redirected
sdks/learncard-network/lca-api-key-management,reference/learncard-network/lca-api-key-management,moved,redirected
sdks/learncard-network/models,reference/learncard-network,openapi-generated,redirected
sdks/learncard-network/notifications,reference/learncard-network/notifications,moved,redirected
sdks/learncard-network/presentations,reference/learncard-network,openapi-generated,redirected
sdks/learncard-network/profile-managers,reference/learncard-network,openapi-generated,redirected
sdks/learncard-network/profiles,reference/learncard-network,openapi-generated,redirected
sdks/learncard-network/skills-and-opensalt,reference/learncard-network/skills-and-opensalt,moved,redirected
sdks/learncard-network/storage,reference/learncard-network,openapi-generated,redirected
sdks/learncard-network/usage-examples,reference/learncard-network/usage-examples,moved,redirected
sdks/learncard-network/utilities,reference/learncard-network,openapi-generated,redirected
sdks/learncloud-storage-api,reference/learncloud-storage-api,moved,redirected
sdks/learncloud-storage-api/architecture,understand/ecosystem-architecture,delete,redirected
sdks/learncloud-storage-api/authentication,reference/learncloud-storage-api/authentication,moved,redirected
sdks/learncloud-storage-api/custom-storage,reference/learncloud-storage-api,openapi-generated,redirected
sdks/learncloud-storage-api/index,reference/learncloud-storage-api,openapi-generated,redirected
sdks/learncloud-storage-api/models,reference/learncloud-storage-api,openapi-generated,redirected
sdks/learncloud-storage-api/storage,reference/learncloud-storage-api,openapi-generated,redirected
sdks/learncloud-storage-api/usage-examples,reference/learncloud-storage-api/usage-examples,moved,redirected
sdks/learncloud-storage-api/user,reference/learncloud-storage-api,openapi-generated,redirected
sdks/learncloud-storage-api/utilities,reference/learncloud-storage-api,openapi-generated,redirected
sdks/learncloud-storage-api/xapi-reference,reference/learncloud-storage-api/xapi-reference,moved,redirected
sdks/official-plugins,reference/official-plugins,moved,redirected
sdks/partner-connect,reference/partner-connect,moved,redirected
sdks/sss-key-manager,understand/decentralized-identifiers-dids/key-management-sss,archive,redirected
tutorials/create-a-boost,build/send-credentials,merge,redirected
tutorials/create-a-connected-website,build/create-a-consentflow,merge,redirected
tutorials/create-a-consentflow,build/create-a-consentflow,moved,redirected
tutorials/create-a-credential,understand/verifiable-credentials-vcs/building-verifiable-credentials,merge,redirected
tutorials/listen-to-webhooks,build/send-credentials/listen-to-webhooks,moved,redirected
tutorials/sending-xapi-statements,build/sending-xapi-statements,moved,redirected
tutorials/verify-credentials,build/verify-credentials,moved,redirected
